user_id,public,completion_percentage,gender,region,last_login,registration,AGE,body,I_am_working_in_field,spoken_languages,hobbies,I_most_enjoy_good_food,pets,body_type,my_eyesight,eye_color,hair_color,hair_type,completed_level_of_education,favourite_color,relation_to_smoking,relation_to_alcohol,sign_in_zodiac,on_pokec_i_am_looking_for,love_is_for_me,relation_to_casual_sex,my_partner_should_be,marital_status,children,relation_to_children,I_like_movies,I_like_watching_movie,I_like_music,I_mostly_like_listening_to_music,the_idea_of_good_evening,I_like_specialties_from_kitchen,fun,I_am_going_to_concerts,my_active_sports,my_passive_sports,profession,I_like_books,life_style,music,cars,politics,relationships,art_culture,hobbies_interests,science_technologies,computers_internet,education,sport,movies,travelling,health,companies_brands,more
1,1,14,1,"Zilina Region, Zilina",2012-05-25 11:20:00.0,2005-04-03 00:00:00.0,26,"185 cm, 90 kg",it,English,"sports, sleeping, cinema, food, listening to music, friends, theatre",in a good restaurant,i have a dog,null,null,null,null,null,null,null,null,null,null,null,null,null,null,null,null,null,null,null,null,null,null,null,null,null,null,null,null,null,null,null,null,null,null,null,null,null,null,null,null,null,null,null,null,null
2,1,62,0,"Zilina Region, Kysucke New Town",2012-05-25 23:08:00.0,2007-11-30 00:00:00.0,0,"166 cm, 58 kg",null,German,"hiking, working around the house, working with PC, listening to music, watching movies, dancing, discos, swimming pool, cooking, parties, friends, sleeping, shopping, camping",by candles with a partner,cat,average,excellent,green,black,a long time,"elementary school, but I'm already in high school, I hope to pass it","black, blue, pink",I don't smoke,"I drink occasionally, only when something is happening, e.g. for parties, cottages, tents, etc.",bull,"a good friend, girlfriend, maybe even more",there's nothing better than being in love,only with my love,the love of my life,single,"but I will, and I want 2 children to be enough, so when we rule, there will be more, as far as I know, what will happen to me in life:d",I want to have children in the future,"comedy, romantic",at home from the couch,"disco, pop, rap and, of course, fun radio is the most popular thing now","at the disco, while walking",by candles with a partner,Slovak,"<div> <a title=""enter the club"" href=""/klub/profesionali"">professiona&shy;li</a> </div>",null,null,null,null,null,null,null,null,null,null,null,null,null,null,null,null,null,null,null,null,null
16,1,64,1,"Zilina Region, Kysucke New Town",2012-05-25 23:19:40.0,2008-05-18 00:00:00.0,23,"173 cm, 70 kg",the biggest company in the world is the labor office,but still yours :d and the best friends,"travelling, listening to music, not being bored",in a good restaurant,me and us clever alik :),"I can't gain weight, unfortunately, I'm very active",I don't wear what I should wear,brown,brown brown,null,soon 24.5 or 31.9 :d,"white, blue, green",I have no,"I only drink when I have to...weddings, funerals, christenings and so on",lion,null,it's worth fighting for,I'm too old for such things :),"when I meet him, I'll tell you about him :)",single,sometime if I still rule :d,null,the way they attract me,in the cinema with people I like,"although everything fits, but the class leads etc. of course the latest that is played by Vrebrick's hits :xd","Of course, everyone has different tastes, you can't please everyone",null,if it can be seen then a hundred,null,not,"licking, swimming",non channel,be better than others,I don't hate them much anymore,null,null,null,null,null,null,null,null,null,null,null,null,null,null,null,null
3,0,38,1,"Bratislava Region, Bratislava - Karlova Village",2012-05-10 18:05:00.0,2010-05-23 00:00:00.0,29,null,"advertising and media, services and trade","English, German","sports, travel",null,null,null,null,green,brown,null,null,"black, blue",null,null,null,"a good friend, girlfriend, someone to chat with",null,null,null,single,null,null,"action, horror, comedy, sci-fi, documentary, historical",null,"rock, metal, house, techno, pop, oldies, jazz","in the car, at work, at a concert, with a partner",null,"Slovak, Italian, Japanese",null,regularly,"hockey, football, auto-moto sports, squash","auto-moto sports, football, hockey",null,null,null,null,null,null,null,null,null,null,null,null,null,null,null,null,null,null
4,1,12,0,"Banská Bystrica Region, Brezno",2011-12-29 12:25:00.0,2011-12-29 00:00:00.0,26,null,null,null,null,null,null,null,null,null,null,null,null,null,null,null,null,null,null,null,null,null,null,null,null,null,null,null,null,null,null,null,null,null,null,null,null,null,null,null,null,null,null,null,null,null,null,null,null,null,null,null
17,1,47,0,"Zilinsky region, Martin",2012-05-25 09:40:00.0,2006-10-21 00:00:00.0,27,"162 cm, 60 kg",null,"English, German","reading, listening to music, watching movies, sleeping, shopping",null,the dog,average,null,green,"blond, bleached",a long time,university,"white, black, blue, purple",I don't smoke,I drink occasionally,Cancer,null,"there is nothing better than being in love, looking for love? nonsense... reason speaks. funny...speaks pride. risky...requires experience. \&quot;but loneliness kills\&quot; heart breaker!",I can't have sex with someone without love,null,married to the most awesome man under the sun,null,I want to have children in the future,null,null,null,null,null,null,null,null,"aerobics, roller skating, swimming, strengthening",null,self employed,null,"<div> <a title=""enter the club"" href=""/klub/magazin-pre-mamicky-najmama-sk"">magazin pre-mamicky najmama.sk</a> </div>",null,null,null,null,null,null,null,null,null,null,null,null,null,null,null
5,1,66,1,"Zilina Region, Zilina",2012-05-25 01:10:00.0,2006-05-29 00:00:00.0,26,null,I am unemployed,"English, German, Pascal","playing sports, working in the garden, playing PC games, listening to music, watching movies, but I added something extra so that you don't think that I spend all my time in front of the computer",in a good restaurant,"I don't have any, I don't like animals in general, I never know when one will jump on me from behind",sporty,that they supposedly add to intelligence... but I don't know :),"green, and a little brown to it","brown, I used to be a blonde, but I'm not ashamed of it anymore!!:)",short,"Bachelor's degree, but I'm not conceited yet :)","brown, blue, green",I don't smoke,positive,"bik, but bik somehow doesn't fit me, so I don't know where the mistake happened..","a good friend, girlfriend, someone to chat with","I was disappointed in laska, that's why I'm very careful",null,"my missing half, endure my singing",single,null,null,"horrors, comedies, romantic, serials, mysterious, mysterious, fantasy, I'll watch anything, but what's too much is too much",in the cinema,"rock, sweet, alternative, I would say mid-range","when it comes to quality music, it doesn't matter where and when","going to the cinema or theater, going to a concert, going to a bar with friends, listening to good music, PC games","Slovak, Italian",null,mainly to dance and sing,"strengthening, informatics and reinforcement..how did I get there?:p",I usually don't have time for TV and I don't have time to watch sports at all,school is enough for me,is the level book???,null,"<div> <a title=""club entry"" href=""/klub/muse"">muse</a> </div>",null,null,null,null,null,null,null,null,null,null,null,null,null,null
18,1,31,1,"Zilina Region, Kysucke New Town",2012-05-02 21:19:00.0,2007-12-13 00:00:00.0,18,null,null,English,null,null,null,null,null,blue,red,on the hedgehog,null,null,I don't smoke anymore :)))),I drink occasionally,lion,null,null,null,null,null,null,null,"historical, sci-fi, mysterious, mysterious, comedy, action, war",at home from the couch,I hear what I like :)),everywhere,null,null,null,null,null,null,null,null,null,null,null,null,null,null,null,null,null,null,null,null,null,null,null,null
31,1,62,1,"Zilina Region, Kysucke New Town",2012-02-18 13:20:00.0,2007-01-01 00:00:00.0,24,"170 cm, 75 kg",null,"German, Slovak, Czech, but preferably your own","playing sports, hiking, working around the house, working with a computer, cooking, friends, sleeping, sex, camping, .............",null,"dog, tinku","thanks, it suits me",sometimes I see what the eyes cannot see,brownish green,like when,null,high school,"white, black, blue",I would like to stop,here and there I'll give it too,"shooter, also a bit shot",I'll let myself be suprised,"a wonderful feeling, it's just a shame that there is so little of it and most of the time it's just an image of love. Does it actually exist?",Circumstances do a lot,a partner should be someone I can't stop thinking about and can't stand without her,"single, childless I hope hehe",null,"I really like children, but I think I still have time for them",which can amuse or interest me,null,"music has to interest me, I can listen to almost everything",in the car or at work,spend a pleasant evening with pleasant company,grandparents,null,eh,"running, rollerblading, swimming, I actively played football","auto-moto sports, combat sports, football, hockey",null,"the last time I read the syllabary, I don't enjoy reading books","<div> <a title=""enter the club"" href=""/klub/docerta-also-with-dedem-ajeho-reklamou"">docerta even with grandfather!!!!and&shy;his advertisement</a> </div >",null,null,null,null,null,null,null,null,null,null,null,null,null,null,null
19,1,64,1,"Zilina Region, Kysucke New Town",2012-05-25 19:34:00.0,2007-03-23 ​​00:00:00.0,21,"0.19 cm, 88 kg",sexual,"well, just the own one","sports, travel, hiking, watching movies, discos, cinema, parties, friends, sleeping, sex, camping",in bed with someone I like very much,I have like a dozen days,null,"well, my eyes only see what I need",brown,brown,short,basic,"orange, pink, yellow",but I don't smoke and I just don't like it very much!!!!,null,Aquarius,"good friend, girlfriend",there's nothing better than being in love,I can't have sex with someone without love,"the love of my life, I imagine my evening with my loved one alone at home",single,null,but just as many as there are players on the field,"action, horror, comedy, sci-fi, war",at a friend's apartment,"disco, house, techno","in bed, with a partner, during sex","Well, just with the person I love and he with me",Slovak,null,to the disco,"football, hockey, and half-timbering","auto-moto sports, football, hockey, skating",null,I don't like books much,null,null,null,null,null,null,null,null,null,null,null,null,null,null,null,null
6,0,22,0,"Zilina Region, Zilina",2012-05-25 20:40:00.0,2007-12-15 00:00:00.0,38,"160 cm, 57 kg",null,null,null,null,I have a dog :),null,null,null,null,null,null,null,null,null,null,nice chat with friends :),Gah:),null,null,divorced,two....yet :),null,null,null,null,null,null,null,null,null,null,null,null,null,null,null,null,null,null,null,null,null,null,null,null,null,null,null,null,null
32,1,72,1,"Zilina Region, Kysucke New Town",2012-05-13 22:52:00.0,2008-10-21 00:00:00.0,21,"185 cm, 73 kg, snake and good...",ina kysuce forever....inductors and so on... :) :) :),English and Slovak.....,"sex, friends, discos, listening to music, watching movies, dancing, swimming pool, camping, parties","Everyone who knows me knows that I don't care where I eat, especially if there is something to eat...","I have a dog, I have a cat, and I also have a bird, but you know which one...","average, about 103 kg...exactly...:d",excellent,brown.......,brown.....on the corner... :) :) :),"right, especially in the morning: d",high school...mechanic electrical engineer....look out for me,"red, blue, green and orange black car...",as when and as to whom... :) :) :) :),"I don't drink, I'm always forced to, and since I'm tiny and weak, I can't defend myself... :d:d:d:d",Aquarius,I already found it... :),there's nothing better than being in love,it really just depends on the circumstances,"my partner shouldn't be, my partner already is...","I have an important relationship, even more important than important...","I don't have one, but something will happen in April... so you have to go to Poland for diapers... :)",I guess something will come.....,"action, horror, comedies, serials, documentaries, sci-fi, erotic, all movies with pretty babies....","at home from the couch, at a friend's house, and especially in a pub, there I only know the beginning... that's enough for me...","disco, hit charts, house, techno, rap, soundtracks... no bass no fun......make some noise....these are things...:) :)","in the bath, but under water, better sound and more voltage","sit in the car in the evening... turn on the jensen (for those who don't know, the subwoofer) drop some 50 cents and go crazy....",mother's and also from sweetheart's....:d,null,I do concerts at home... tuc tuc blik blik,"auto-moto sports, basketball, roller skates, skating","auto-moto sports, combat sports, snowboarding",constructor,which I don't have to quote...,null,null,"<div> <a title=""enter the club"" href=""/club/I love-fast-driving-and-the-feeling-of-freedom"">© I love fast driving and the feeling of freedom...</a> </div>",null,null,null,null,null,null,null,null,null,null,null,null,null
20,0,12,0,"Zilina Region, Kysucke New Town",2012-05-22 12:59:00.0,2008-07-27 00:00:00.0,20,null,null,null,null,null,null,null,null,null,null,null,null,null,null,null,null,null,null,null,null,null,null,null,null,null,null,null,null,null,null,null,null,null,null,null,null,null,null,null,null,null,null,null,null,null,null,null,null,null,null,null
7,1,12,0,"Zilinsky region, Martin",2012-02-03 15:36:00.0,2004-09-10 00:00:00.0,22,null,null,null,null,null,null,null,null,null,null,null,null,null,null,null,null,null,null,null,null,null,null,null,null,null,null,null,null,null,null,null,null,null,null,null,null,null,null,null,null,null,null,null,null,null,null,null,null,null,null,null
8,0,12,1,"Trencian region, ilava",2012-04-15 11:52:00.0,2003-11-26 00:00:00.0,26,null,null,null,null,null,null,null,null,null,null,null,null,null,null,null,null,null,null,null,null,null,null,null,null,null,null,null,null,null,null,null,null,null,null,null,null,null,null,null,null,null,null,null,null,null,null,null,null,null,null,null
33,0,69,1,"Zilina Region, Kysucke New Town",2012-05-13 11:22:00.0,2008-01-02 00:00:00.0,22,"174 cm, 60 kg",engineering and energy,German,"well, it's just work.-))))","by the telly, in bed",i have a dog,sporty,excellent,green,brown,null,high school,"white, blue, black, yellow",I smoke occasionally hhhhhhhhhh,I drink occasionally,the fish,I maintain relationships with friends,I see the meaning of life in love,null,my missing half,single&quot;,null,I want to have children in the future,"action, horror, sci-fi, war, historical","at home from the couch, at a friend's house","rock, metal, janda landa","in bed, with a partner, while walking, in the car, at work","to go to a concert, to a bar with friends","Slovak, French, Indian, Mexican",null,rarely,"football, hockey, ice skating, table tennis","combat sports, football, hockey, table tennis, tennis",operator,null,"<div> <a title=""enter the club"" href=""/klub/ked-nas-tu-bude-5-416-958-ludi-budeme-tu-vsetci-slovaci"">when there will be 5 416 958 of us here people, we will all be Slovaks here =)</a> &bull; <a title=""enter the club"" href=""/klub/docerta-also-s-dedem-ajeho-reklamou"">docerta even with grandfather!!!!and&shy;his advertisement</a> </div>",null,null,"<div> <a title=""enter the club"" href=""/klub/slovensko-si-nedame"">we don't give Slovakia!!!!!!</a> </div>","<div> <a title=""enter the club"" href=""/klub/spomienky-bolia"">*memories hurt*</a> </div>",null,null,null,null,null,null,null,null,null,null,null
9,0,12,0,"Banská Bystrica Region, Brezno",2012-03-03 16:57:00.0,2005-11-30 00:00:00.0,0,null,null,null,null,null,null,null,null,null,null,null,null,null,null,null,null,null,null,null,null,null,null,null,null,null,null,null,null,null,null,null,null,null,null,null,null,null,null,null,null,null,null,null,null,null,null,null,null,null,null,null
46,0,69,0,"Zilina Region, Kysucke New Town",2011-10-29 03:17:00.0,2008-03-17 00:00:00.0,21,"170 cm, 50 kg","services and trade, hairdressing","German, French :)","photography, travel, surfing the web, reading, listening to music, watching movies, dancing, discos, swimming pool, food, cinema, party, friends, sleeping, shopping, sex, camping","in front of the TV, in a good restaurant, in bed","we have cats, but they are not ours, and my brother :)",thin,excellent,"brown, slightly orange :)","as always, but now pink and black","curly, but I still iron them","elementary, middle school","red, pink",I smoke regularly,"I drink occasionally, cottages, discotheques, etc.",the fish,"someone to chat with, a good friend, a girlfriend, but just you",there's nothing better than being in love,it really just depends on the circumstances,"someone who cooks for me, washes, cleans, cooks at home... but no :)",single,I want 3 children,I love them :),"horrors, comedies, romantics, serials, family","at the cinema, at home from the couch, at a friend's house","disco, hits, house, techno, pop, rap, sweet","in bed, in the bath, at good night, at work, at the disco, when walking, anytime and anywhere","going to the cinema or theater, going to a bar with friends, listening to good music, watching a good movie on TV, surfing the net and chatting",but from my mother's kitchen :)),null,I don't go to concerts,"roller skating, swimming",null,hairdresser,I do not read books,null,null,null,null,null,null,null,null,null,null,null,null,null,null,null,null
21,0,81,0,"Zilina Region, Cadca",2012-05-25 23:15:00.0,2007-12-31 00:00:00.0,17,"170 cm, 55 kg",null,"German, and our Slovak about 50&#37;","painting, rollerblading, sleeping, lounging, camping, hmm, and most of all, me and iwa will talk at lunch eh, working with a PC, cinema, friends, shopping, parties, swimming pool, PC games, work around the house, housework","by candles with a partner, in a good restaurant, in bed","I have a dog, I say hello","poor, noo taq neak",excellent,blue,brown,to shoulders,basic,"red, black, blue, orange, pink, green, yellow",I don't smoke,I drink occasionally,scorpion,someone to chat with,there's nothing better than being in love,I can't have sex with someone without love,"someone who cooks for me, washes, cleans, and is just as crazy as me",single,"hmm, I would like to have at least 3 children in the future, but I don't want my own adopted","I have children, but not mine hehe, I prefer to entertain others ixixi","action, horror, comedy, romantic, serials, sci-fi, family, and also the panel hehe","in the cinema, at home from the couch, at a friend's house, and on DVD",everything that can be heard and that doesn't get on my nerves,"in bed, at good night, when walking, whenever and wherever, but know and above all let's think about this with iwusku",null,"Slovak, Chinese, and mine hehe","<div> <a title=""enter the club"" href=""/klub/su-ludia-ktorych-sa-nezabuda"">there are people who will not be forgotten =)</a> </div>",null,"basketball, running, handball, roller skating, volleyball","auto-moto sports, basketball, running, football, hockey, skating, tennis",null,when I have time I will read it,"<div> <a title=""club entry"" href=""/klub/individual"">individual</a> </div>",null,null,null,"<div> <a title=""enter the club"" href=""/klub/love-is-pain-but-also-joy"">love is pain but also joy...</a> &bull; <a title=""enter the club"" href=""/klub/love-is-the-luck-of-life"">love is the luck of life</a> &bull; <a title=""enter the club"" href=""/klub/radko-v-nas-srdcic-budes-zit-navzdy"">radko in our hearts you will live forever !!!!</a> &bull; <a title=""enter the club"" href=""/klub/actions-speak-more-than-just-empty-words"">...actions speak more than just empty words...</a> &bull; <a title=""entrance to the club"" href=""/klub/laska-dokaze-rokaze-rokaze-rozamisat-ale-ranit"">...laska can make you laugh:&shy;)...but also hurt:(...< /a> </div>","<div> <a title=""enter the club"" href=""/klub/art-is-the-speech-of-the-heart"">art is the speech of the heart</a> &bull; <a title=""enter the club"" href=""/klub/kamarati-navzdy-nejdy-nezabudni-na-to"">kamarati navzdy-nezabudni na-to"">kamarati navzdy nezabudni na to"">","<div> <a title=""enter the club"" href=""/klub/we'll cram the whole conversation into this club"">we'll cram the whole conversation into this club!</a> </div>","<div> <a title=""enter the club"" href=""/klub/all-babies-here-we-will-have-more-members-than-guys"">all the babies here !!!(we will have more members than guys ?)</a> </div>","<div> <a title=""enter the club"" href=""/klub/lajkit-net"">lajkit.net</a> &bull; <a title=""enter the club"" href=""/klub/iherna-net"">I like online games</a> </div>","<div> <a title=""join the club"" href=""/club/I love school-I hate teaching"">I love school I hate teaching !!!</a> </div>","<div> <a title=""enter the club"" href=""/club/hockey-world-championship-2011-in-slovakia"">hockey world championship 2011 in Slovakia</a> &bull; <a title=""enter the club"" href=""/klub/we believe-ze-slovensko-vihra-d"">we believe that Slovakia is a vihra =d</a> </div>",null,null,null,null,"<div> <a title=""enter the club"" href=""/club/dog-man's-best-friend"">dog is man's best friend :)</a> &bull; <a title=""join the club"" href=""/club/congratulate-my-parents-for-having-such-a-smart-child-as-I-d-d"">congratulate my parents for having such a smart child like me me :d:d</a> &bull; <a title=""enter the club"" href=""/klub/hate-is-more-than-love"">hate is much more than love</a> &bull; <a title=""club entry"" href=""/klub/jack-russel-eddie"">jack russel - eddie</a> &bull; <a title=""enter the club"" href=""/klub/moment-that-lasts-a-minute-is-for-me-a-whole-year"">moment that lasts a minute is a whole year for me</a> &bull; <a title=""enter the club"" href=""/klub/x-send-an-invitation-to-your-best-friend-x"">...(x.send an invitation to your best friend or friends.x&shy;). ..</a> </div>"
10,1,64,0,"Zilina Region, Cadca",2012-05-14 21:54:00.0,2005-10-07 00:00:00.0,22,170 cm,null,"English, German, ...hands, feet...but I'll negotiate :)","playing sports, housework, cooking, cinema, parties, friends, camping, ... just anything that makes me have fun...:)","in front of the TV, by candles with your partner, in bed, especially in peace and without stress...",I have many pets...,average,"excellent, ... I don't miss anything :)",brown,I don't remember the nature...,a long time,medium...,"white, red, purple, blue, orange, pink, green, yellow, probably all bright colors :)",null,"I drink occasionally, ... I can't because those occasions are so often:)))",capricorn,"someone to chat with, a good friend, girlfriend, ....mainly let him/her be fun :)","love is like a ziletka. when you catch her right, you can love her, but one wrong move and the scars will remain for the rest of your life... if you love someone, let them go. if he comes back, he'll be yours forever. if he doesn't come back, he was never yours...",????????????????????? :-),null,happy...:),...I like children...but only if I can position them for a while and then return them:)...actually I still have enough time...:))),null,"action, drama, horror, comedy, romantic, family, ...","at the cinema, at home from the couch, at a friend's house","hits, oldies, sweet, folk and country, ludovice are mine:d:d","in bed, at good night, at the disco, when walking, whenever and wherever","listening to good music, watching a good movie on TV, surfing the net and chatting, etc., something different every night","Slovak, ...I like to eat a lot...and basically I don't care what...:)",null,I don't go to concerts,"basketball, badminton, roller skating",I don't have much time to watch sports... that's how it is when I always have so many things to do:)))))),pyrotechnician...if you see me running..try to overtake me:))),"I don't read books, why spoil my eyesight. :-)",null,null,null,null,null,null,null,null,null,null,null,null,null,null,null,null
34,1,66,1,"Zilina Region, Zilina",2012-05-15 09:18:00.0,2007-01-24 00:00:00.0,23,"180 cm, 70 kg, pretty skinny, almost like an alien :p","so you don't even want to know, it's like life","German, French, French but only with practice","playing sports, working with PC, PC games, listening to music, watching movies, cinema, friends, sex, martial arts","by candles with a partner, in bed","cat, it's actually a cat, but a fucking chump",just like that,"excellent, I can see what others can't see","blue, so stupid","brown, disheveled like a hedgehog when struck by lightning","on hedgehogs, I collect supplies for the winter on them",high school,blue,I smoke like a factory chimney o_o,"I drink occasionally, only on parties or every weekend haha","fish, it's a shame that I don't swim xixi, only axes",someone you can talk to normally,"there is nothing better than being in love, it is the most beautiful thing that a person can meet",I can't have sex with someone without love,I already have her and I wouldn't trade her in my life because she is the love of my life whom I love,null,null,"the kids are fun, especially the smallest ones, but you can also have fun with the slightly older ones",I watch everything that is about something,everywhere and at every opportunity,"hit charts, rap, soundtracks","good night, at the disco","listening to good music, watching a good movie on TV, by candlelight with a partner, sitting in a bar with guys and so on","Slovak, Chinese, our food is still the best, even though I also like Chinese haha",null,null,"football, I'm still good at it","auto-moto sports, baseball, basketball, backcountry, combat sports, football, handball, hockey, skating, skateboarding, snowboarding, squash, tennis",how to screw people about money,null,null,null,null,null,null,null,"<div> <a title=""enter the club"" href=""/klub/rudinski-notorici"">rudinski notorici</a> </div>",null,null,null,null,null,null,null,null,null
11,1,45,0,"Banská Bystrica Region, Brezno",2012-05-21 16:31:00.0,2006-11-11 00:00:00.0,22,null,null,"English, I don't miss a bit and I also chat a little in French","playing sports, traveling, surfing the web, listening to music, watching movies, swimming pool, cinema, parties, friends",null,take a break? &#43; sister: d,null,null,greenish blue,mostly brown,null,"zus (piano, singing) and I study law",turquoise,I don't smoke,null,null,what will come :d,there's nothing better than being in love,null,special one,single,null,I want to have children in the future,"fantasy, musicals, wartime, historical, blockbusters, mysterious, mysterious",null,rather older things,null,null,"Slovak, Italian, Greek, marine animals",null,null,"basketball, badminton, skating, swimming, and ball games",I'd rather be busy,null,"mainly historically, but I don't read much...",null,null,null,null,null,null,null,null,null,null,null,null,null,null,null,null
22,0,28,0,"Zilina Region, Kysucke New Town",2012-05-23 14:46:00.0,2007-12-05 00:00:00.0,19,169 cm,null,German,"listening to music, dancing, discos, food, friends, shopping, I also like to sing for myself :dd","in bed, by the telly",null,null,null,blue,null,null,null,null,null,null,null,"good friend, girlfriend","there is nothing better than being in love, tralalaa",I can't have sex with someone without love,null,null,null,null,null,null,null,null,null,Slovak and especially mine...)),null,null,null,null,null,null,null,null,null,null,null,null,null,null,null,null,null,null,null,null,null,null
47,1,67,0,"Zilina Region, Kysucke New Town",2012-05-25 15:10:00.0,2007-11-11 00:00:00.0,19,"172 cm, 48 kg, at the moment I'm a little less than my weight, but I'll try to balance it... at least until the end of the year... because I can't even look at myself anymore:dd",I am studying,"English, and of course your own ::dd","traveling, listening to music, dancing, discos, parties, friends, sleeping","by the telly, in a good restaurant","dog, cat",poor you,null,brown,brown,"curls, my curls.. a typical sign for me:ddheh according to them, people will recognize me far and wide:ddxixi",basic,"white, red, black",I don't smoke,I drink occasionally,scorpion,"someone to chat with, a good friend, a girlfriend","there is nothing better than being in love, I know what I'm saying.....when a person loves and is loved, he is a happy person....",null,my missing half,single,"I don't have children, but I want to have ....at least two:ddsometimes:ddheh..",null,"action, comedies, serials, musicals","at home from the couch, at a friend's house","disco, hits, house, techno, pop, sweet, I love music ..basically everything that can be heard ....I couldn't imagine life without it..","in bed, at good night, with a partner, at a disco, while walking","with friends to a bar, to listen to good music",Slovak,null,I don't go to concerts,null,"football, hockey",high school,novels,null,"<div> <a title=""join the club"" href=""/klub/katy-pery-gives-hope-to-slovaks"">katy pery gives hope to Slovaks</a> </div>",null,null,null,null,null,null,null,null,null,null,null,null,null,"<div> <a title=""enter the club"" href=""/klub/povodnee"">povodnee</a> </div>"
35,0,55,0,"Zilina Region, Kysucke New Town",2012-05-25 08:53:00.0,2008-09-13 00:00:00.0,21,null,null,"German, active passive","watching movies, painting, dancing, discos, swimming pool, food, cinema, friends, sleeping, shopping, camping",in bed,I'm alone :)),average,excellent,green,brown,a long time,null,"white, red, black, orange, green, yellow",null,I drink occasionally,Aries,"good friend, girlfriend, socks and insoles :)",everything... and that's = you know who cicatko and my brutal nikita :),null,"the love of my life, a person whom I fully respect, absolutely responsible and reliable......I already have him :d",completely maddened malice of his pet,Dominica,I have children and I would like to have more,"action, horror, comedy, romantic, serials, mysterious, mysterious, musicals",at home from the couch with my baby in a &quot;hug&quot; :))),"rock, pop, musicals, punk, jazz, sweets, folklore and ludovky",on the bed,null,Slovak,"<div> <a title=""enter the club"" href=""/klub/som-cvok"">som cvok</a> </div>",null,null,null,null,I do not read books,null,null,null,null,null,null,null,null,null,null,null,null,null,null,null,null
12,1,67,1,"Banská Bystrica Region, Brezno",2012-04-30 16:24:00.0,2005-09-21 00:00:00.0,26,"185 cm, 94 kg, I try to work on her in the gym..",I am studying,"English, German","there are a lot of them, if you are interested I will be more than happy to specify them :))",mostly from the plate,"I have two dogs, a Bernese Mountain Dog and a German Shepherd.. they really like each other:))",average,excellent,green,black,short,"bachelor's degree, just a few months and will be a master's degree. .","blue, everything",I smoke regularly but I want to quit from the new year 20..,I drink occasionally,"scales - , in Chinese buffalo","a good friend, girlfriend, someone to chat with","I was incredibly disappointed in the lipstick, that's why I'm very careful.. nevertheless, it's still very important to me..",I can't have sex with someone without love,"my best friend, my missing half, the love of my life, the person I respect completely","single, and very disappointed, but I've let it go :)",they have to be :)),"I want to have children in the future, if I can, even 2 xd",a little bit of everything.. I love war movies and horror movies.. that's mine.,"it doesn't matter at all, it's best with friends, but preferably with a girlfriend :)","..which gives advice on how to change the world for the better: Madonna spoke out against the war in Iraq, Pink is not afraid of Bush, Bono fights for third world debt forgiveness. Sting saves Daz's rainforests and Christina Aquilera cast transsexuals and homosexuals in the clip","whenever, wherever, whatever, I like almost every style... the greatest relaxation is when I listen to music in a cathedral or in a cave. I love good acoustics. (joke) xd",null,"Slovak, from my mother :) but no, I'm already big..so from any kind..fuu I don't like mushrooms, brats, roast...otherwise I'll eat a piece",null,very rarely,"I love water, so also swimming.. swimming pool, bike, skating and all that.. even swimming pool is enough..","that's boring... but here and there I'll watch daaky box and rally, drift...",null,"exciting, funny, etc.. I don't like books that I have to read :))",null,null,null,null,null,null,null,null,null,null,null,null,null,null,null,null
23,0,50,0,"abroad, abroad - France",2012-05-23 19:47:00.0,2007-04-11 00:00:00.0,0,null,null,★ English ★,:d,"★ in the kitchen at the table, by the TV ★","★ I have a dog, I have rodents, I have reptiles... and a brother ★",★ average ★,★ I see what I want ★,★ blue ★,null,★ long★,null,"★ green, yellow, red ★",null,null,★ scorpion ★,★ goldfish ★,★ganja...★,null,null,"★ free, like a bird ★",null,null,★ comedy ★,"★ at the cinema, at home from the couch ★",★ ★ dnb ★ ★,★ anytime and anywhere ★,★ smoke weed ★,"★ Slovak, vegetarian ★",null,null,null,null,null,★ can't see ★,"<div> <a title=""enter the club"" href=""/klub/don't dream-your-life-from-your-dream"">►►► don't dream your life, live your dream! :) ◄◄◄</a> </div>",null,null,null,"<div> <a title=""enter the club"" href=""/klub/_-lubim_ta_tak_lub_ma_aj_ty-_"">♥_♥lubim_t&shy;a_tak_lub_&shy;ma_aj_ty♥_&shy;♥</a> </div>",null,null,null,null,null,null,null,null,null,null,null
36,1,64,1,"Zilina Region, Kysucke New Town",2011-11-17 16:23:00.0,2008-02-12 00:00:00.0,28,"179 cm, 70 kg",null,it ran around that infinity,from every dew a slag,at the telly,the dog,average,null,brown,brown,short,high school,blue,I don't smoke,I drink occasionally,"a terengoza, so if someone doesn't know, then a capricorn",I have no idea,I don't express myself in a very complicated way,it really just depends on the circumstances,"I don't know, I'll find out later","happily married, so now I'm single",null,"definitely sometimes, I just don't know when and how much I will be surprised","action, horror, comedy, sci-fi, fantasy, war, historical","at home from the couch, at a friend's house","disco, house, techno, rap","in bed, with a partner, at a disco","going to a bar with friends, listening to good music, watching a good movie on TV, by candlelight with a partner","that is, I don't choose one",null,"I haven't tried it yet, maybe sometime",what is active?,"basketball, football, hockey, tennis",null,I've already heard somewhere that it's a book?,null,null,null,null,null,null,null,null,null,null,null,null,null,null,null,null
61,1,12,0,"Zilina Region, Zilina",2012-04-11 23:40:00.0,2009-10-27 00:00:00.0,23,null,null,null,null,null,null,null,null,null,null,null,null,null,null,null,null,null,null,null,null,null,null,null,null,null,null,null,null,null,null,null,null,null,null,null,null,null,null,null,null,null,null,null,null,null,null,null,null,null,null,null
48,1,76,1,"abroad, abroad - others",2012-05-23 22:27:00.0,2008-03-18 00:00:00.0,0,"197 cm, 75 kg, tie yourself! :(",I am studying,"English, German, Slovak, quietly and loudly :d","watching movies, dancing, swimming pool, food, parties, sleeping, hiking, working with PC, sex, friends, discos","in front of the TV, in a good restaurant, in bed","I have a dog, I have reptiles, I have a couple of animals that I keep in my hair! heh",big and beautiful,"I can still see my nose, so it's okay :d","according to that, I have sauces",black,short,basic,"white, red, black, blue, green, it doesn't matter!",I don't smoke anymore,"I drink occasionally, that is, every day :d",shooter,"someone to chat with, a good friend, a girlfriend",I see the meaning of life in love,I can't have sex with someone without love,my missing half,single,minimal if not more :),I want to have children in the future,"action, horror, comedies, blockbusters","at the cinema, at a friend's house","disco, hits, pop, rap, sweet, country, hip hop","in bed, with a partner, at a disco, anytime and anywhere","go to the cinema or theater, go to the gym, go to a bar with friends, listen to good music, watch a good movie on TV, play PC games, surf the net and chat",everything my mother cooks!,"<div> <a title=""enter the club"" href=""/klub/nemam-drobne"">I don't have change</a> </div>",something happens here and there,letter to get on dad's nerves !!!:),"combat sports, hockey, ice skating, weight training, auto-moto sports, football, ice skating, swimming, snowboarding",apartment building...:d,"I don't read much about entertainment, games, humor","<div> <a title=""enter the club"" href=""/klub/live-to-ride-ride-to-live-zij-abys-jezdil-jezi-abys-zil"">live to ride, ride to live /live to ride, ride to live/</a> </div>",null,null,null,null,null,null,null,null,null,"<div> <a title=""enter the club"" href=""/klub/makovsky-hokejista-2011"">makovsky hockey player 2011</a> </div>",null,null,null,null,null
24,1,71,1,"Zilina Region, Kysucke New Town",2012-05-18 20:31:00.0,2007-05-14 00:00:00.0,26,"187 cm, 80 kg",null,"English, German, French, I only know these languages ​​so as not to tell:))","traveling, working with PC, PC games, reading, listening to music, collecting, painting, cooking, cinema, camping, going to museums","in a good restaurant, in nature, or even at home :))",the dog,average,"excellent, as long as I can see the road ahead, it's good","blue, I don't even know myself :))",brown,"short, I was long-haired and now I don't suffer anymore?!.","high school, suv kremnica artistic stucco",Brown,"I smoke regularly, but I don't know if regularly, and there was no other choice","I drink occasionally, still",virgin,"and what do I know, what I'm actually looking for here",there's nothing better than being in love,I can't have sex with someone without love,my missing half,single,"and the dead taste the best, they smell good after them :))",null,"action, artistic, comedy, documentary, fantasy, war, historical, erotic","at the cinema, at a friend's house","pop, metal, jazz, classical music, operas, favorite bands kabat, sonata artica, metallica, nightwish, manowar, iron maiden, heloween, etc.......","on the bed, in the car :)))))","with friends to a bar, watch a good movie on TV","Slovak, Chinese","<div> <a title=""enter the club"" href=""/klub/profesionali"">professiona&shy;li</a> &bull; <a title=""enter the club"" href=""/klub/co-si-nepamatam-to-sa-nestale-1"">what I don't remember didn't happen:)</a> &bull; <a title=""enter the club"" href=""/klub/kofolka-mnamm-mnamm"">♥kofolka ♥ mnamm,mnamm☻</a> </div>",null,Cycling,"hockey, but only when the championships are different, it is stolen from us",null,"historical novels, non-fiction, literature on art and architecture","<div> <a title=""club entry"" href=""/klub/original___je___len___jeden"">original__&shy;_je___only_&shy;__jeden!</a> </div>",null,null,null,"<div> <a title=""enter the club"" href=""/klub/what-you-do-is-more-than-what-you-just-say"">what you do is more than what you just say. ..</a> </div>",null,null,null,"<div> <a title=""club entry"" href=""/klub/windows-7"">windows 7</a> </div>",null,null,null,null,null,null,null
13,1,28,0,"Banská Bystrica Region, Brezno",2012-03-26 16:40:00.0,2007-10-24 00:00:00.0,0,null,economy and finance,null,null,null,null,null,I wear contact lenses,blue,blonde,a long time,university,"white, brown, blue, green",null,null,the fish,null,null,null,null,null,null,null,null,null,null,null,null,null,null,null,null,null,worshiper,null,null,null,null,null,null,null,null,null,null,null,null,null,null,null,null,null
37,0,78,1,"Zilina Region, Kysucke New Town",2012-05-25 23:00:00.0,2008-09-17 00:00:00.0,20,190 cm,of transport,"English, Hungarian","listening to music, eating, sleeping, and anything else I can think of",in bed,"I have a dog, I have fish, I have a bird, rats, mice, cats, sheep, cows, goats, horses, rabbits, chickens, turkeys and one pig",null,excellent,brown,brown,null,high school,"white, red, black, blue, purple, silver",I don't smoke,I don't drink,"Gemini, Mampicist",who knows what will happen here,"love is a word, love is a feeling, love is a laugh, love is a kiss, love is a relationship, but when it is gone, love is pain, love is crying, love is fear.",null,null,single,I haven't eaten them yet,I want to have children in the future,"action, horror, comedy, war","at home, in the cinema","disco, house, techno, rap, repeat","always and everywhere, it's simply not possible without music",what will come,"mackerel, oysters and other dinner delicacies: d","<div> <a title=""enter the club"" href=""/klub/pizza-kto-ma-rad-pizza-sem"">♥pizza (who likes pizza here )!!!♥</a> </ wonder>",I have concerts at home when the neighbors are gossiping,"sleeping and eating. shoveling snow... sweeping, vacuuming, washing","hockey, fuel level in the gas station","mechanic, tradesman, driver, repairman, worker",I only read invoices from which I have fractures,"<div> <a title=""enter the club"" href=""/klub/rychle-stroje"">fast machines</a> &bull; <a title=""enter the club"" href=""/klub/kysucania"">kysucania :)</a> </div>","<div> <a title=""enter the club"" href=""/klub/paul-van-dyk"">paul van dyk</a> &bull; <a title=""enter the club"" href=""/klub/daniel-landa-4"">..daniel landa..</a> &bull; <a title=""enter the club"" href=""/klub/bass-4ever"">bass 4ever</a> </div>","<div> <a title=""club entry"" href=""/klub/alfa-romeo-club"">alfa romeo club</a> &bull; <a title=""enter the club"" href=""/club/I love-fast-driving-and-the-feeling-of-freedom"">© I love fast driving and the feeling of freedom...</a> &bull; <a title=""enter the club"" href=""/klub/slovakia-drift"">slovakia drift</a> &bull; <a title=""club entry"" href=""/klub/off-road-1"">off road</a> &bull; <a title=""enter the club"" href=""/klub/autobazar-eu"">autobazar.&shy;eu</a> &bull; <a title=""access to the club"" href=""/klub/autoobuv-sk"">autoobuv.s&shy;k</a> </div>",null,null,"<div> <a title=""enter the club"" href=""/klub/tuning-mania-mafia"">tuning mania mafia</a> </div>",null,null,null,null,"<div> <a title=""enter the club"" href=""/klub/motorsport"">motorsport&shy;... =*</a> &bull; <a title=""club entry"" href=""/klub/moto-cross"">moto-cross</a> </div>","<div> <a title=""enter the club"" href=""/klub/milujem-filmy-d"">i love films =d</a> </div>",null,null,null,"<div> <a title=""enter the club"" href=""/klub/kto-dawa-twojim-peram-usmew-dawa-twojmu-srdcu-ziwot"">ツkto dawa twojim peram usmew,,dawa twojmu srdcu ziwot : )</a> &bull; <a title=""join the club"" href=""/club/I love fast-cars-and-motorcycles"">I love fast cars and motorbikes</a> </div>"
62,1,72,1,"Zilina Region, Kysucke New Town",2012-05-18 12:02:00.0,2005-12-06 00:00:00.0,22,"180 cm, 70 kg","I am studying, sos-cadca-tatrovka","German, Czech, Slovak, a little Hungarian, and especially my own","sports, photography, travel, hiking, gardening, working with PC, PC games, surfing the web, listening to music, watching movies, collecting, breeding, dancing, discos, swimming pool, cooking, food, parties, friends, sleeping, sex","in front of the TV, by candles with your partner, in a good restaurant, in nature, in bed, from your partner's sander, during sex and in the garden","I don't have any, but I want hafanaaaaa","average, with a beer grinder hehehe",I wear glasses because I like them,"brown, so attractive",brown,"short, with a corner heh",school,"black, blue",I smoke regularly,"I drink occasionally, almost every weekend a lot, not almost every, but every hehehe","Aries, 16.4.","someone to chat with, a sexual partner, a good friend, a girlfriend, and someone to party with","I was disappointed in laska, that's why I'm very careful",I can only have sex with someone I know well,a support and a barrier for me,entered and I'm still happy,"probably none, who will take care of it heh",null,"action, horror, comedy, mysterious, mysterious, sci-fi, war, historical, family, erotic, but mostly comedies and action","at the cinema, at home from the couch, at a friend's, girlfriend's, wherever it can be used hehe","disco, charts, house, techno, pop, rap, oldies, soundtracks, folklore and ludovky, ludovky but I mean the mixed ones heh",,"turn off the lights and meditate, go to a bar with friends, listen to good music, watch a good movie on TV, PC games, by candles with your partner, in the garden with soft melodies hehehe","Slovak, French, Italian, Greek, Chinese, Japanese, Mexican, vegetarian, and everything made in the garden","<div> <a title=""enter the club"" href=""/klub/co-si-nepamatam-to-sa-nestale-1"">what I don't remember didn't happen:)</a> &bull; <a title=""enter the club"" href=""/klub/superrr-trida"">superrr trida</a> </div>","I don't go to concerts, rather discos","auto-moto sports, baseball, handball, skating, weight training, snowboarding, tennis, most sports are played in our garden--alcoholism hehe","auto-moto sports, hadzana, hockey, swimming, fitness, snowboarding, porn",car electrician,I do not read books,null,"<div> <a title=""club entry"" href=""/klub/1girl123"">1girl123</a> &bull; <a title=""club entry"" href=""/klub/dddddi"">dddddi</a> </div>",null,null,null,null,null,null,null,null,null,null,null,null,null,null
14,0,41,0,"Nitra Region, Nitra",2012-05-25 23:19:41.0,2004-12-08 00:00:00.0,0,168 cm,null,null,"which I don't have much time for at the moment: reading books, long walks in the mountains, picking mushrooms, traveling - getting to know new countries, hiking, preparing yum yum papanicka...","certainly not at the table... rather somewhere where you can be in different positions, i.e. on the couch, in bed...",null,null,null,blue,brown,null,university,"white, red, black, purple, brown, blue, orange, pink, green, yellow",I don't smoke,null,Aquarius,someone who describes......,incredibly much,"I currently have a boyfriend, I'm definitely not going to cheat on him and I'm not going to break up with him, but if I was single never say never",null,single,"They are not yet, but God willing there will be at least two.....",null,"comedy, romantic, documentary, historical, family",null,null,null,null,mine :)),null,null,null,null,null,"historical novels, biographies and memoirs, travelogues",null,null,null,null,null,null,null,null,null,null,null,null,null,null,null,null
49,0,64,1,"Zilina Region, Kysucke New Town",2012-05-23 22:58:00.0,2008-03-04 00:00:00.0,23,"189 cm, 90 kg",gastronomy,German,"housework, work around the house, working with PC, PC games, listening to music, discos, swimming pool, cooking, food, friends, sleeping, sex","in a good restaurant, by candlelight with your partner, from your partner's grinder",i have a dog,average,excellent,brown,brown,short,high school,black,like when,I drink occasionally,Aries,null,"I see the meaning of life in love, romantic love is not for me, I prefer reality",it really just depends on the circumstances,"my missing half, the love of my life, my best friend",single,null,I want to have children in the future,"action, horror, sci-fi, war, erotic",null,"disco, hits, rock, house, techno, pop","for a good night, at a disco, while walking",with friends to the bar,it does not matter,"<div> <a title=""enter the club"" href=""/klub/lopusne-pazite-4ever"">lopusne pazite 4ever</a> </div>",null,"football, hockey","football, hockey",Cook,null,null,null,null,null,null,null,null,null,null,null,null,null,null,null,null,null
25,1,74,0,"Zilina Region, Kysucke New Town",2012-04-30 19:36:00.0,2008-05-28 00:00:00.0,20,40 kg,I am studying,English,"playing sports, traveling, homework, watching movies, dancing, swimming pool, parties, listening to music, discos, cooking","in front of the TV, by candles with a partner, in a good restaurant",i have a dog,poor you,excellent,blue,blonde,"curly, long",high school,"white, black, pink, green, yellow",null,I drink occasionally,lion,"good friend, girlfriend",there's nothing better than being in love,only whom I really love,the love of my life,I am in a serious relationship,null,I want to have children in the future,"action, horror, comedy, romantic, sci-fi, musicals, blockbusters, erotic","at home from the couch, at a friend's house","disco, hits, rock, sweet","in bed, at good night, at the disco, when walking, whenever and wherever","going to a bar with friends, listening to good music, watching a good movie on TV, by candlelight with a partner",Slovak,"<div> <a title=""club entry"" href=""/klub/rudina-4ewer"">rudina 4ewer</a> </div>",I don't go to concerts,"football, roller skating, swimming, tennis","football, hockey, ice skating",null,I do not read books,null,"<div> <a title=""enter the club"" href=""/klub/h-u-d-b-a-1"">h*-u*-d*-b&shy;*-a</div>",null,null,"<div> <a title=""enter the club"" href=""/klub/that-I-don't-write-doesn't-mean-that-I'm-not-interested-but-I-wait-for-you-to-write"">That I don't write doesn't mean that I'm not interested ...but I'm waiting for you to write...:)</a> &bull; <a title=""enter the club"" href=""/klub/once-understand-how-much-you-care-for-me-and-what-you-mean-for-me-3"">once you understand how much you care you care and what you mean to me..&shy;&lt;3</a> &bull; <a title=""enter the club"" href=""/klub/I don't know-the day-I-met-you-but-the-day-I-fell-in-love-with-you"">I don't know the day I met you but the day I fell in love with you! :(</a> &bull; <a title=""enter the club"" href=""/klub/longing-for-what-nemozem-mat"">longing for what I can't have! :(</a> &bull ; <a title=""enter the club"" href=""/klub/prefer-to-have-a-pair-of-real-than-a-million-falses"">*...! better to have a pair of real ones than a million fake ones!...*</ a> &bull; <a title=""enter the club"" href=""/klub/ked-ti-odomna-pride-zovanka-mam-ta-rada"">when an invitation comes from you, I like you :-*</ a> &bull; <a title=""enter the club"" href=""/klub/in-my-life-I-met-a-person-that-I-will-never-forget"">in my life I met a person that I will never forget :)</a> &bull; <a title=""enter the club"" href=""/klub/nikdy-na-teba-nezabudnem-1"">nikdy nateba-nezabudnem&shy;!!!:*((</a> &bull; <a title=""enter the club"" href=""/klub/never-don't-love-don't-hope-and-nebudes-sklamany-a"">don't believe, don't love, don't hope and you'll never be disappointed!</a> &bull; <a title=""enter the club"" href=""/klub/I'm sending you an invitation because I care about you"">I'm sending you an invitation because I care about you :)</ a> &bull; <a title=""enter the club"" href=""/klub/when-I-have-to-choose-between-love-and-death-I-choose-death-that-is-so-less-painful"">when I have to choose between love and death, I choose death... it's less painful.&shy;..</a> &bull; <a title=""enter the club"" href=""/klub/invite-those-you-care-here"">invite the ones you care about :-*</a> &bull; <a title=""enter the club"" href=""/klub/if-you-love-someone-there's-nothing-to-solve-d"">♥♥if you love someone there's nothing to solve:d♥♥</a> < /div>",null,"<div> <a title=""enter the club"" href=""/klub/we'll cram the whole conversation into this club"">we'll cram the whole conversation into this club!</a> </div>",null,null,null,null,null,null,null,null,"<div> <a title=""enter the club"" href=""/klub/always-follow-your-dream"">""***always follow your dream!!***""</a> &bull; <a title=""enter the club"" href=""/klub/when-I-was-born-outside-it was raining-but-it-wasn't-there-it-was-crying-because-it-lost-the-most-beautiful-angel -dposli-dalej"">when I was born, it rained outside, but it wasn't rain, it was crying because it lost the most beautiful angel:d&shy;post next</a> </div>"
38,0,12,1,"Zilina Region, Zilina",2012-05-25 22:39:00.0,2008-05-24 00:00:00.0,22,null,null,null,null,null,null,null,null,null,null,null,null,null,null,null,null,null,null,null,null,null,null,null,null,null,null,null,null,null,null,null,null,null,null,null,null,null,null,null,null,null,null,null,null,null,null,null,null,null,null,null
50,0,43,0,"Zilina Region, Zilina",2012-05-24 18:23:00.0,2007-08-14 00:00:00.0,0,null,agriculture,English and clearly his own,null,null,null,poor you,excellent,blue,brown,to shoulders,basic,according to the mood,null,null,fish 16.03 I want gifts :d,null,null,I can't have sex with someone without love,null,null,null,null,null,null,null,null,null,null,"<div> <a title=""enter the club"" href=""/klub/when-outside-breasts-they-can-do-only-two-things-and-I-don't-play-cards"">when outside the breasts, they there are only two things to do... - and I don't play cards!!</a> </div>",null,null,null,manure: d,null,"<div> <a title=""enter the club"" href=""/klub/som-kto-som"">am who am</a> &bull; <a title=""enter the club"" href=""/klub/friends-forever"">friends forever</a> </div>","<div> <a title=""club entry"" href=""/klub/kelly-rowland"">kelly rowland</a> </div>",null,null,"<div> <a title=""enter the club"" href=""/klub/ked-ti-odomna-pride-zovanka-mam-ta-rada"">when an invitation comes from you, I like it :-*</a > &bull; <a title=""enter the club"" href=""/club/a poor-man-is-not-one-who-doesn't-have-any-material-things-but-one-who-has-not-experienced-love-that-is-a-right -poverty"">a poor person is not one who has no material things, but one who has not experienced love. that's true poverty</a> &bull; <a title=""enter the club"" href=""/klub/love-is"">love is... ♥</a> </div>",null,"<div> <a title=""enter the club"" href=""/klub/upravovanie-foto"">upravovanie&shy;e photo ! =)</a> </div>",null,null,"<div> <a title=""enter the club"" href=""/klub/sos-pasnv-zilina"">sos pasnv zilina</a> </div>",null,null,null,null,null,null
63,1,55,0,"Zilina Region, Kysucke New Town",2012-05-25 16:40:00.0,2008-02-14 00:00:00.0,0,"171 cm, 58 kg","I don't work on the terrace anywhere, but maybe I'll be like a housewife here in the summer","German, but I still don't know it, languages ​​are difficult to master, but I don't know them, so bad luck",null,null,null,"the poor one used to be sported, the terrace is just a line",null,"gray, I have gray green or gray blue, look at the photos","black, the terrace is repainted, otherwise I am brown-haired, but the majority of the terraces are black","long, up to half the back, but I want it up to the ass","I didn't want to go to the elementary school, elementary school, and high school diploma","white, black, blue, but mainly dark things, that's my dark clothes, that's cool","I don't smoke, and why should I throw away money or smoke from the frat, I don't need it and I'm not stopping anyone, it's everyone's choice, so no problem:dd but I don't want it","I drink occasionally, so you should have alcohol once in a while, it won't hurt, but it doesn't matter if you're an alcoholic, or alcohol is also good for fun","Aries, stubborn like a ram, so that suits me, but I'm fine, I'm just a bit stubborn sometimes, but that doesn't make me sleepy, and I was born exactly on 16.04, so that's about me",I'm not looking for anyone,there's nothing better than being in love,null,"my missing half, my best friend, the love of my life",I am in a serious relationship,in the future I want to have,null,null,null,null,null,null,null,"<div> <a title=""enter the club"" href=""/klub/profesionali"">professiona&shy;li</a> &bull; <a title=""enter the club"" href=""/klub/co-si-nepamatam-to-sa-nestale-1"">what I don't remember didn't happen:)</a> &bull; <a title=""enter the club"" href=""/klub/kofolka-mnamm-mnamm"">♥kofolka ♥ mnamm,mnamm☻</a> &bull; <a title=""enter the club"" href=""/klub/dog-is-the-most-beautiful-animal-d"">dog is the most beautiful animal.d</a> </div>",null,null,null,null,null,"<div> <a title=""enter the club"" href=""/klub/som-kto-som"">am who am</a> &bull; <a title=""enter the club"" href=""/klub/s-r-o-swistov-a-swistuliek"">s.r.o-swis&shy;tov a swistuliek</a> &bull; <a title=""club entry"" href=""/klub/original___is___only___one"">original__&shy;_is___only_&shy;__one!</a> &bull; <a title=""enter the club"" href=""/klub/ciernovlasky-4-ever-blondinky-na-nas-nemaju"">black-haired&shy;ky 4 ever! blondes are not for us!!!</a> </div>","<div> <a title=""enter the club"" href=""/klub/bass-4ever"">bass 4ever</a> &bull; <a title=""join the club"" href=""/club/I'm-against-the-cancellation-of-radio-fm"">I'm against the cancellation of radio fm</a> </div>",null,null,"<div> <a title=""enter the club"" href=""/klub/tears-do-not-give-you-what-osud-zal-vrataia-only-pain-smutok-a-zial"">* tears do not give you back what fate took , they return only pain, sadness and sorrow :´( *</a> &bull; <a title=""enter the club"" href=""/klub/to-co-urobis-je-vám-ako-to-ko-len -say"">what you do is more than what you just say...</a> &bull; <a title=""enter the club"" href=""/klub/ohen-voda-viter-zem-laska"">ohen ,water,wind,earth = love</a> </div>",null,"<div> <a title=""enter the club"" href=""/klub/we'll cram the whole conversation into this club"">we'll cram the whole conversation into this club!</a> </div>",null,"<div> <a title=""enter the club"" href=""/klub/facebook-d-1"">facebook:d</a> </div>",null,null,"<div> <a title=""enter the club"" href=""/klub/adam-brody"">adam brody</a> </div>",null,null,null,"<div> <a title=""join the club"" href=""/klub/congratulations-to-my-parents-for-having-such-a-smart-child-as-I-d-d"">congratulations to my parents for having such a smart a child like me :d:d</a> &bull; <a title=""enter the club"" href=""/klub/I am-protected-by-law"">I am protected by law :*-</a> &bull; <a title=""enter the club"" href=""/klub/love-is-blood-that-us-does-not-wash"">♥ℒℴνℯ love is blood that does not wash away ℒℴνℯ♥</a> &bull; <a title=""join the club"" href=""/klub/najkrajsie-zeny-su-slovenky"">the most beautiful women are Slovak</a> </div>"
39,0,29,1,"Zilina Region, Zilina",2012-05-25 22:51:00.0,2007-11-29 00:00:00.0,18,null,null,null,null,null,null,null,null,null,null,null,null,"white, black, red, blue, green",I can't see the smoke anymore,better not for your own safety,levik,"a good friend, a girlfriend, someone to chat with, a sexual partner, I maintain relationships with friends, an important acquaintance :d :d :d :d",a lot of,null,null,null,null,null,null,house,what can i hear,when I'm home alone at full blast,null,null,null,null,null,null,null,null,null,null,"<div> <a title=""enter the club"" href=""/klub/octavia-tuning-klub"">octavia tuning club</a> </div>",null,null,null,null,null,null,null,null,null,null,null,null,null
26,0,16,0,"Zilina Region, Cadca",2012-05-11 22:00:00.0,2007-04-18 00:00:00.0,21,null,null,null,null,null,null,null,null,null,null,null,null,null,null,null,null,null,null,null,null,null,null,null,null,null,null,null,null,null,null,null,null,null,null,null,"<div> <a title=""join the club"" href=""/klub/prefer-to-hurt-me-with-the-truth-as-protect-me-with-a-lie"">rather hurt me with the truth than protect me with a lie!</a> &bull ; <a title=""club entry"" href=""/klub/degusters"">degusters</a> </div>",null,null,null,"<div> <a title=""enter the club"" href=""/klub/what-was-was-but-what-will-be-interesting"">what was, was...but what will be interesting</a > </div>",null,null,null,null,null,null,null,null,null,null,null
76,1,72,1,"Zilina region, apartment",2012-05-25 23:19:42.0,2009-12-25 00:00:00.0,0,"170 cm, 80 kg, pretty",construction supervision,German,"PC games, working with a PC, surfing the web, painting, playing sports","in bed, from the partner's grinder","I don't have any, I have fish",average,excellent,blue,black,short,"high school, university",Red,I don't smoke anymore,abstinent,virgin,I'm not looking for anything anymore,"I see the meaning of life in love, there is nothing better than being in love",I can't have sex with someone without love,"my best friend, my missing half, the love of my life",I am in a serious relationship,null,I want to have children in the future,family,at home from the couch,"disco, trance, hits, house, techno",for good Night,by candles with a partner,"Slovak, Italian",null,"I don't go to concerts, regularly","surfing, tennis, rafting",windsurfing,self employed,I do not read books,null,null,null,null,null,null,null,null,"<div> <a title=""enter the club"" href=""/klub/pokec"">pocec</a> </div>",null,null,null,null,null,null,"<div> <a title=""enter the club"" href=""/klub/I have-the-best-nick-name-in-the-party"">I have the best name in the party :))</a> </div>"
51,0,66,1,"Zilina Region, Kysucke New Town",2012-05-14 19:25:00.0,2007-06-27 00:00:00.0,21,"175 cm, 86, 5, whoever sees me, let me take it, I'm not competing",upper stbna,depending on my condition,"sports, housework, housework, surfing the web, listening to music, watching movies, dancing, discos, swimming pool, cooking, food, parties, friends, sleeping, shopping, camping","in front of the TV, by candles with a partner, in a good restaurant","I have a dog, I have a spider",according to the weather,excellent,blue-blooded,I don't know when the sun keeps shining on me,null,"our family situation turned out badly, so I also did badly at school.","white, black, blue, pink, green, I only like pink on sweaters, only when they are striped",I don't smoke,I drink occasionally,capricorn,"a good friend, a girlfriend, someone to chat with, but I don't expect to find any relationship here, I think that over the Internet it's stupid","there is nothing better than being in love, love is sometimes good but sometimes love can also hurt","I can't have sex with someone without love, I think that love should be between people who love each other","my missing half, it doesn't matter how she looks, but the main thing is that they like each other",null,null,I want to have children in the future,"action, drama, horror, comedy, romantic, documentary, war, family","at the cinema, at a friend's house","disco, house, techno","in bed, in the bath, good night, with my partner, at work, at the disco, at a concert, during sex, when walking, whenever and wherever, I just love music whenever possible","go to the gym, go to a bar with friends, listen to good music, surf the net and chat",Italian,null,concerts are pass,"auto-moto sports, roller skating, ice skating, fitness, I like cars and motorcycles the most, I can't live without them","auto-moto sports, combat sports, football, hockey, roller skating, ice skating, weight training, cars and motorcycles are not my fault",ironworker,I do not read books,null,null,null,null,null,null,null,null,null,null,null,null,null,null,null,null
27,1,72,1,"Zilina Region, Zilina",2012-05-05 13:17:00.0,2008-08-27 00:00:00.0,23,"explained, I'm satisfied","construction industry, I'm on the roof like a sparrow :))","sexual, english, slovak so much :_))","ehe, of course the computer, watching movies, sports, exercise, walking the dog and if she was a girl, she would also dream hehe","in the kitchen at the karik table, or at the computer",I have cats and a dog and my one-eyed snake :)))),sporty,excellent,blue,brown,"shorter, longer, but never in life!","high school, at least I hope it is","red, black, blue, one stinky cat:)))","I've never smoked cigarettes in my life, I'd rather break my leg than smoke a cigarette","I drink on occasion, when I get the slightest taste, but I mustn't overdo it, because then I'm like a terminator:))","marksman, very very very accurate so girls beware :))",girlfriend,love is everything to me:)) ratatata,"I like him, but that's the only thing that keeps people alive :))) neheheh",a normal girl who would like me :),"Single, of course single, but it's getting slow :))","of course yes, at least ten little experts :))",heh I like children,"action, drama, horror, comedy, series, science fiction, fantasy, war, historical, family, blockbusters, erotic",at home with a computer or TV,"rock, rap, metal, soundtracks, punk, linkin park, it's a bomb, no one can beat them!",when walking and at the computer,by candles with a partner,Chinese but Slovak cuisine is great :)),null,but I would like to go and have a look at the linkin park,"running, cycling, combat sports","football, hockey, rally, and children playing on the sandpit _::))",fitter of dry constructions,"I don't even remember when I reread the book, if I actually reread any",null,null,null,null,null,null,null,null,null,null,"<div> <a title=""enter the club"" href=""/klub/msk-zilina-1910"">msk zilina!</a> </div>",null,null,null,null,null
40,1,22,1,"Zilina Region, Kysucke New Town",2012-05-23 15:54:00.0,2008-03-23 ​​00:00:00.0,0,null,null,null,null,null,null,null,null,brown,black,what I know,null,"white, black, blue, green",I don't smoke anymore,I drink occasionally,null,null,null,null,null,null,null,null,null,null,null,null,null,null,null,null,null,null,null,null,null,null,null,null,null,null,null,null,null,null,null,null,null,null,null,null
64,1,59,1,"Zilina Region, Kysucke New Town",2012-05-21 14:22:00.0,2005-11-05 00:00:00.0,0,"185 cm, 78 kg",construction industry,null,"housework, PC games, web surfing, discotheques, swimming pool, friends, sleeping, sex, camping","in front of the TV, by candles with a partner, in a good restaurant",the dog,null,excellent,brown,null,short,high school,"red, blue",null,null,virgin,"a good friend, girlfriend, someone to chat with",there's nothing better than being in love,I can't have sex with someone without love,"the love of my life, and he loved me",i love what i have!!!!!,null,null,"action, comedy, documentary, family","at home from the couch, at a friend's house","disco, hits, sweets","for a good night, with a partner, at work, at a disco","with friends to a bar, listening to good music, surfing the net and chatting, by candlelight with a partner",Slovak,null,I don't go to concerts,"skating, skating, swimming","auto-moto sports, hockey, mountain climbing, paragliding, skateboarding","driver, driver, engineer!",I do not read books,null,null,null,null,null,null,null,null,null,null,null,null,null,null,null,null
52,0,57,1,"Zilina Region, Kysucke New Town",2012-05-25 21:41:00.0,2007-06-11 00:00:00.0,22,null,"economics and finance, I enjoy investing in mutual and capital funds","English, German","playing sports, traveling, surfing the web, listening to music, watching movies, cinema, friends, sleeping, camping",null,"I don't have any, they are best on plates anyway",null,excellent,brown,null,null,null,blue,I don't smoke,I drink occasionally,the fish,"a good friend, girlfriend, someone to chat with",there's nothing better than being in love,it really just depends on the circumstances,my best friend,single,null,I guess,"action, horror, mysterious, mysterious, war, blockbusters, everything that interests me","at the cinema, at home from the couch, at a friend's house","disco, hits, pop, sweet",for good Night,"going to the cinema or theater, going to a bar with friends, listening to good music, watching a good movie on TV, by candlelight with a partner","it doesn't matter if it's free, let it be a pain in the ass",null,there is no time,"car-moto sports, football, hockey, tennis, even ice-skating can only be braked","football, hockey, tennis",null,I can't quote :d,null,null,null,null,null,null,null,null,null,null,null,null,null,null,null,null
41,1,69,1,"Zilina Region, Zilina",2012-05-13 21:52:00.0,2008-03-04 00:00:00.0,16,"145 cm, 36 kg",null,German,"traveling, housework, working with a PC, PC games, surfing the web, watching movies, discotheques, swimming pool, cinema, parties, friends",at the telly,cat,poor you,excellent,green,brown,short,basic,"red, black, brown",I don't smoke,I drink occasionally,the fish,"good friend, girlfriend",I've never been in love before,I can't have sex with someone without love,the love of my life,single,about 2,null,"action, horror, comedy, historical",at home from the couch,"disco, rock, house, techno, rap","in bed, with a partner, at a disco, while walking, whenever and wherever","watching a good movie on TV, by candlelight with a partner",Slovak,null,null,"auto-moto sports, running, football, swimming","aerobics, auto-moto sports, football, hockey",ELEMENTARY SCHOOL,"about entertainment, games, humor",null,null,null,null,"<div> <a title=""enter the club"" href=""/klub/ked-ti-odomna-pride-zovanka-mam-ta-rada"">when an invitation comes from you, I like it :-*</a > </div>",null,"<div> <a title=""enter the club"" href=""/klub/we'll cram the whole conversation into this club"">we'll cram the whole conversation into this club!</a> </div>",null,null,null,null,null,null,null,null,null
28,1,71,1,"Zilina Region, Cadca",2012-04-17 21:54:00.0,2007-02-14 00:00:00.0,19,193 cm,"electrical engineering, I study, computer engineering","English a little, but I also speak Slovak and Estonian","travel, hiking, working with PC, PC games, surfing the web, listening to music, discos, cooking, food, cinema, friends, sleeping, camping","in front of the TV, by candles with a partner, in a good restaurant, in nature",i have a dog,big and beautiful,I wear glasses but only both times,blue,"brown, black",short,basic,"white, red, blue, orange, yellow, they are all beautiful",I don't smoke,abstinent,capricorn,null,"in love I see the meaning of life, there is nothing more beautiful than being liked by someone, and it is even nicer to know that the one you like likes him too!",I can't be with anyone except my love,my missing half!,I am in a serious relationship,null,"in the future, when I have children, it will definitely be a boy &amp; girl :-d","action, drama, horror, comedy, documentary, science fiction, fantasy, war, historical, family, blockbusters, mysterious, mysterious","at the cinema, at home from the couch, at a friend's house","disco, hits, hip-hop, sweet, crazy, almost everything with a twist of punk, etc.",anytime and anywhere,"go to the cinema or theater, cook something good, go to a concert, listen to good music, watch a good movie on TV, surf the net and chat by candlelight with your partner",almost everything,null,hip-hop but only rarely,"auto-moto sports, hockey, ice skating, weight training, tennis, hockey ball, floorball, and recently also swimming (I missed all sports because of the injury!!!!! only weight training)","auto-moto sports, hockey, skating, wrestling","programmer, machinist, designer, mechanic, operator","well, sometimes I read something",null,null,null,null,"<div> <a title=""enter the club"" href=""/klub/what-you-do-is-more-than-what-you-just-say"">what you do is more than what you just say. ..</a> &bull; <a title=""enter the club"" href=""/klub/with-god-is-everything-is-possible"">with god everything is possible :-)</a> </div>",null,null,null,null,null,"<div> <a title=""enter the club"" href=""/club/hockey-world-championship-2011-in-slovakia"">hockey world championship 2011 in Slovakia</a> </div>",null,null,null,null,null
